{
    "Q": [
        [
            0.15375132858753204,
            0.0,
            0.0,
            0.0
        ],
        [
            0.0,
            0.8936603665351868,
            0.0,
            0.0
        ],
        [
            0.0,
            0.0,
            1.2661842107772827,
            0.0
        ],
        [
            0.0,
            0.0,
            0.0,
            0.38415616750717163
        ]
    ],
    "R": [
        [
            0.04394787549972534,
            0.0
        ],
        [
            0.0,
            0.0030760508961975574
        ]
    ]
}